business_name,website,contact_page,emails,phones,proposal,form_prefilled,whatsapp_review_url,status
,http://glowbeautycenter.ae/,https://glowbeautycenter.ae/contacts-2/,,05 06 054 245; 100 77 056 619; 971 54 245 8552; 971 56 619 6050,,False,,draft_ready
,https://bookings.voilabeautyandco.com/booking/l/voila-beauty-co-lounge-abu-dhabi?rwg_token=AE37R_gcBE7O5VchGEMi5lw7rutWtqZ4mCOnoBoDdaZw-dGvZniA2eAMzTIWO9_MbU_WyT1eJe3ym8ygFBIXmilQvu91HsNm9g%3D%3D&source=cat,,,+97125654133; +971504379368,,False,,draft_ready
,http://voilabeautyandco.com/,https://www.voilabeautyandco.com/contact,info@voilabeautyandco.com,25 654 133; 50 437 9368,,False,,draft_ready
,http://brunetteandblonde.org/,,info@example.com,,,False,,draft_ready
,https://www.fresha.com/lp/en/bt/hair-salons/in/ae-abu-dhabi,https://www.fresha.com/contact-us,hello@fresha.com,,,False,,draft_ready
,https://www.tripadvisor.com/Attractions-g294013-Activities-c40-t325-Abu_Dhabi_Emirate_of_Abu_Dhabi.html,,,,,False,,draft_ready
,https://www.instagram.com/glamouruae/?hl=ar,,,,,False,,draft_ready
,https://www.groupon.ae/coupons/abu-dhabi/salons,,,,,False,,draft_ready
,https://magiohair.com/,https://magiohair.com/contact-us/,,2 583 3825; +971 58 505 7234; +971 02 673 4827; +971 58 550 0573,,False,,draft_ready
Eternity Beauty Studio Russian Salon - Abu Dhabi ستوديو تجميل الخلود,https://eternitybeautystudio.com/,https://eternitybeautystudio.com/contact-us/,info@eternitybeautystudio.com,+971 28867126; +971 506649589,,False,,draft_ready
Yang Style Ladies Salon,https://www.yangstylesalon.com/,https://yangstylesalon.com/contact-us/,,2 583 3409; 2 667 8582; 665329456,,False,,draft_ready
Fairy Queen Beauty Salon & Spa,https://store.zylu.co/fairy-queen-salon,,,,"Website Contact Form Proposal

Hello Fairy Queen Beauty Salon & Spa,

We are a website development company offering professional digital solutions for businesses. We can help with website development and redesign, mobile-friendly websites, online stores, SEO and digital marketing, business email setup, POS and e-invoicing solutions, accounting software, and ongoing website support.

If you are interested in improving or expanding your online presence, we would be happy to discuss your requirements and provide suitable recommendations based on your business needs.

Please feel free to contact us at +971528200910 or you@example.com.

Website: https://example.com",False,,draft_ready
,https://toptouchspa.com/,https://toptouchspa.com/#contact,Info@toptouchspa.com,+971544774448; 600-1500,"Edit

Hello,

We are a website development company and would be pleased to explore how we can support Top Touch Spa with its online presence.

We provide website development, redesign, responsive mobile-friendly websites, SEO and digital marketing, e-commerce solutions, business email setup, POS and accounting solutions, e-invoicing, and ongoing website maintenance and support.

If you are interested, we would be happy to discuss your requirements and provide suitable recommendations based on your business needs.

You can contact us at:
info@websiedevelopment.ae
+971528200910
https://websiedevelopment.ae

We look forward to hearing from you.",True,False,False,https://wa.me/971544774448?text=Edit%0A%0AHello%2C%0A%0AWe+are+a+website+development+company+and+would+be+pleased+to+explore+how+we+can+support+Top+Touch+Spa+with+its+online+presence.%0A%0AWe+provide+website+development%2C+redesign%2C+responsive+mobile-friendly+websites%2C+SEO+and+digital+marketing%2C+e-commerce+solutions%2C+business+email+setup%2C+POS+and+accounting+solutions%2C+e-invoicing%2C+and+ongoing+website+maintenance+and+support.%0A%0AIf+you+are+interested%2C+we+would+be+happy+to+discuss+your+requirements+and+provide+suitable+recommendations+based+on+your+business+needs.%0A%0AYou+can+contact+us+at%3A%0Ainfo%40websiedevelopment.ae%0A%2B971528200910%0Ahttps%3A%2F%2Fwebsiedevelopment.ae%0A%0AWe+look+forward+to+hearing+from+you.,draft_ready
,https://www.timeoutabudhabi.com/sports-wellbeings/wellbeing/475318-abu-dhabi-best-salons,https://www.timeoutabudhabi.com/contact-us,Keenan.Cunningham@itp.com; david.wurie@itp.com; faisal.twal@itp.com; mitchell.rowlands@itp.com; sally.whittam@itp.com,(02 501 6188; (02 546 6996; (02 555 9902; (02 582 9892; (02 666 6317; (600 560 037; (800 678 953; +971 52 139 6743; +971 52 576 2162; +971 5223190241; +971 56 104 0567; +971 58 214 3987; 4 444 334; 4 444 3531; 4 444 3533,"Edit

Hello,

We are a website development company helping businesses build professional, mobile-friendly websites and digital solutions that support their day-to-day operations and online presence.

We would be happy to discuss your requirements and provide suitable recommendations, whether you are considering a new website, website redesign, online store, SEO and digital marketing, business email setup, POS solutions, or custom business software.

If you are interested, please feel free to contact us. We would be glad to understand your needs and discuss how we can assist.

Website Development Company
Email: info@websiedevelopment.ae
Phone: +971528200910
Website: https://websiedevelopment.ae",False,False,False,https://wa.me/025016188?text=Edit%0A%0AHello%2C%0A%0AWe+are+a+website+development+company+helping+businesses+build+professional%2C+mobile-friendly+websites+and+digital+solutions+that+support+their+day-to-day+operations+and+online+presence.%0A%0AWe+would+be+happy+to+discuss+your+requirements+and+provide+suitable+recommendations%2C+whether+you+are+considering+a+new+website%2C+website+redesign%2C+online+store%2C+SEO+and+digital+marketing%2C+business+email+setup%2C+POS+solutions%2C+or+custom+business+software.%0A%0AIf+you+are+interested%2C+please+feel+free+to+contact+us.+We+would+be+glad+to+understand+your+needs+and+discuss+how+we+can+assist.%0A%0AWebsite+Development+Company%0AEmail%3A+info%40websiedevelopment.ae%0APhone%3A+%2B971528200910%0AWebsite%3A+https%3A%2F%2Fwebsiedevelopment.ae,draft_ready
,https://ivy-abu-dhabi.ae/,https://ivy-abu-dhabi.ae/#contact-us,info@ivybeautyandbubbles.com,+971586658678,"Edit

Hello,

We are a website development company and would be pleased to discuss how we can support Ivy Abu Dhabi with its online presence. We provide website development, responsive mobile-friendly websites, e-commerce solutions, SEO and digital marketing, website redesign, business email setup, and ongoing website maintenance and support.

We would be happy to discuss your requirements and provide suitable recommendations based on your business goals and budget.

If you are interested, please feel free to contact us at info@websiedevelopment.ae or +971528200910. You can also visit https://websiedevelopment.ae/ for more information.

Best regards,
Website Development Company",False,False,False,https://wa.me/971586658678?text=Edit%0A%0AHello%2C%0A%0AWe+are+a+website+development+company+and+would+be+pleased+to+discuss+how+we+can+support+Ivy+Abu+Dhabi+with+its+online+presence.+We+provide+website+development%2C+responsive+mobile-friendly+websites%2C+e-commerce+solutions%2C+SEO+and+digital+marketing%2C+website+redesign%2C+business+email+setup%2C+and+ongoing+website+maintenance+and+support.%0A%0AWe+would+be+happy+to+discuss+your+requirements+and+provide+suitable+recommendations+based+on+your+business+goals+and+budget.%0A%0AIf+you+are+interested%2C+please+feel+free+to+contact+us+at+info%40websiedevelopment.ae+or+%2B971528200910.+You+can+also+visit+https%3A%2F%2Fwebsiedevelopment.ae%2F+for+more+information.%0A%0ABest+regards%2C%0AWebsite+Development+Company,draft_ready
,https://ivy-abu-dhabi.ae/,https://ivy-abu-dhabi.ae/#contact-us,info@ivybeautyandbubbles.com,+971586658678,"Edit

Hello,

We are a website development company and would be pleased to explore how we can support your business with a professional online presence.

We provide website development, e-commerce solutions, website redesign, mobile-friendly websites, SEO and digital marketing, business email setup, POS and accounting solutions, e-invoicing, and ongoing website support.

If you are interested, we would be happy to discuss your requirements and provide suitable recommendations based on your business needs.

You can contact us at:
info@websiedevelopment.ae
+971528200910
https://websiedevelopment.ae/

We look forward to hearing from you.",False,True,False,https://wa.me/971586658678?text=Edit%0A%0AHello%2C%0A%0AWe+are+a+website+development+company+and+would+be+pleased+to+explore+how+we+can+support+your+business+with+a+professional+online+presence.%0A%0AWe+provide+website+development%2C+e-commerce+solutions%2C+website+redesign%2C+mobile-friendly+websites%2C+SEO+and+digital+marketing%2C+business+email+setup%2C+POS+and+accounting+solutions%2C+e-invoicing%2C+and+ongoing+website+support.%0A%0AIf+you+are+interested%2C+we+would+be+happy+to+discuss+your+requirements+and+provide+suitable+recommendations+based+on+your+business+needs.%0A%0AYou+can+contact+us+at%3A%0Ainfo%40websiedevelopment.ae%0A%2B971528200910%0Ahttps%3A%2F%2Fwebsiedevelopment.ae%2F%0A%0AWe+look+forward+to+hearing+from+you.,whatsapp_sent
,https://toptouchspa.com/,https://toptouchspa.com/#contact,Info@toptouchspa.com,+971544774448; 600-1500,"Edit

Hello,

We are a website development company and would be pleased to help Top Touch Spa strengthen its online presence with a professional, mobile-friendly website tailored to its services and customers.

We can assist with website development, redesign, SEO and digital marketing, online booking or e-commerce solutions, business email, hosting, maintenance, and other digital solutions based on your requirements.

If you are interested, please feel free to contact us. We would be happy to discuss your requirements and provide suitable recommendations.

Website Development Company
Email: info@websiedevelopment.ae
Phone: +971528200910
Website: https://websiedevelopment.ae",True,True,False,https://wa.me/971544774448?text=Edit%0A%0AHello%2C%0A%0AWe+are+a+website+development+company+and+would+be+pleased+to+help+Top+Touch+Spa+strengthen+its+online+presence+with+a+professional%2C+mobile-friendly+website+tailored+to+its+services+and+customers.%0A%0AWe+can+assist+with+website+development%2C+redesign%2C+SEO+and+digital+marketing%2C+online+booking+or+e-commerce+solutions%2C+business+email%2C+hosting%2C+maintenance%2C+and+other+digital+solutions+based+on+your+requirements.%0A%0AIf+you+are+interested%2C+please+feel+free+to+contact+us.+We+would+be+happy+to+discuss+your+requirements+and+provide+suitable+recommendations.%0A%0AWebsite+Development+Company%0AEmail%3A+info%40websiedevelopment.ae%0APhone%3A+%2B971528200910%0AWebsite%3A+https%3A%2F%2Fwebsiedevelopment.ae,whatsapp_sent
,http://glowbeautycenter.ae/,https://glowbeautycenter.ae/contacts-2/,,+971566196050; 024440506; 0277100; 05 06 054 245; 0542458552; 0566196050; 100 77 056 619; 971 54 245 8552; 971 56 619 6050,"Edit

Hello Glow Beauty Center Team,

We are a website development company helping businesses build professional and user-friendly online platforms. We offer website development, redesign, mobile-friendly websites, SEO and digital marketing, e-commerce solutions, business email setup, POS and e-invoicing software, hosting, maintenance, and custom business software.

We would be happy to discuss your requirements and provide suitable recommendations based on your business needs. If you are interested, please feel free to contact us.

info@websiedevelopment.ae
+971528200910
https://websiedevelopment.ae",False,True,False,https://wa.me/971566196050?text=Edit%0A%0AHello+Glow+Beauty+Center+Team%2C%0A%0AWe+are+a+website+development+company+helping+businesses+build+professional+and+user-friendly+online+platforms.+We+offer+website+development%2C+redesign%2C+mobile-friendly+websites%2C+SEO+and+digital+marketing%2C+e-commerce+solutions%2C+business+email+setup%2C+POS+and+e-invoicing+software%2C+hosting%2C+maintenance%2C+and+custom+business+software.%0A%0AWe+would+be+happy+to+discuss+your+requirements+and+provide+suitable+recommendations+based+on+your+business+needs.+If+you+are+interested%2C+please+feel+free+to+contact+us.%0A%0Ainfo%40websiedevelopment.ae%0A%2B971528200910%0Ahttps%3A%2F%2Fwebsiedevelopment.ae,whatsapp_sent
,https://www.fresha.com/lp/en/bt/hair-salons/in/ae-abu-dhabi,https://www.fresha.com/contact-us,hello@fresha.com,+971 50 164 2271; +971 50 196 1791; +971 50 308 6034; +971 50 394 0989; +971 50 571 2665; +971 50 612 6650; +971 50 622 6637; +971 50 668 1071; +971 50 685 2325; +971 50 691 5469; +971 50 696 4308; +971 50 697 6568; +971 50 739 4407; +971 50 772 5807; +971 50 773 7620; +971 50 780 6876; +971 50 792 5909; +971 50 800 7730; +971 50 816 1345; +971 50 826 2168; +971 50 827 2543; +971 50 836 3199; +971 50 896 7382; +971 50 941 1280; +971 52 220 5223; +971 52 227 4744; +971 52 303 3565; +971 52 348 1302; +971 52 512 1031; +971 52 675 9574; +971 52 693 4158; +971 52 897 4044; +971 52 969 8805; +971 54 434 1048; +971 54 450 5663; +971 54 787 5765; +971 55 119 9752; +971 55 151 6674; +971 55 210 0630; +971 55 232 5467; +971 55 280 5270; +971 55 302 1429; +971 55 333 3824; +971 55 369 5888; +971 55 376 4090; +971 55 463 7957; +971 55 501 4759; +971 55 505 0159; +971 55 505 3435; +971 55 520 3904; +971 55 573 8545; +971 55 703 1308; +971 55 776 4422; +971 55 836 2763; +971 55 850 1689; +971 55 914 2585; +971 55 985 6114; +971 56 262 4668; +971 56 316 9328; +971 56 333 6696; +971 56 530 7144; +971 56 554 4534; +971 56 555 8546; +971 56 586 7972; +971 56 600 6267; +971 56 771 3885; +971 56 794 2896; +971 56 809 4685; +971 56 822 1241; +971 56 832 3110; +971 56 864 4001; +971 56 870 7862; +971 56 877 2150; +971 56 908 2420; +971 56 982 6113; +971 56 983 9927; +971 58 625 5908; +971 58 834 5251; +971 58 875 3586; +971 600 544002; 2 444 2440; 2 448 3367; 2 491 2416; 2 551 8487; 2 556 5552; 2 562 2778; 2 584 5847; 2 627 0688; 2 641 6700; 2 644 4121; 2 657 4901; 2 666 8584; 2 666 8875; 2 681 4400; 2 681 6316; 2 882 0944; 2 886 7808,"Edit

Hello,

We are a professional website development company helping businesses establish a strong and professional online presence.

We offer website development, responsive mobile-friendly websites, e-commerce solutions, website redesign, SEO and digital marketing, logo design, business email setup, accounting software, POS solutions, e-invoicing software, maintenance and support, domain and hosting setup, and custom business software.

If you are interested in improving or developing your online presence, we would be happy to discuss your requirements and provide suitable recommendations based on your business needs.

Please feel free to contact us at info@websiedevelopment.ae or +971528200910.

Website: https://websiedevelopment.ae

Best regards,
Website Development Company",False,False,False,https://wa.me/971501642271?text=Edit%0A%0AHello%2C%0A%0AWe+are+a+professional+website+development+company+helping+businesses+establish+a+strong+and+professional+online+presence.%0A%0AWe+offer+website+development%2C+responsive+mobile-friendly+websites%2C+e-commerce+solutions%2C+website+redesign%2C+SEO+and+digital+marketing%2C+logo+design%2C+business+email+setup%2C+accounting+software%2C+POS+solutions%2C+e-invoicing+software%2C+maintenance+and+support%2C+domain+and+hosting+setup%2C+and+custom+business+software.%0A%0AIf+you+are+interested+in+improving+or+developing+your+online+presence%2C+we+would+be+happy+to+discuss+your+requirements+and+provide+suitable+recommendations+based+on+your+business+needs.%0A%0APlease+feel+free+to+contact+us+at+info%40websiedevelopment.ae+or+%2B971528200910.%0A%0AWebsite%3A+https%3A%2F%2Fwebsiedevelopment.ae%0A%0ABest+regards%2C%0AWebsite+Development+Company,draft_ready
,https://www.tripadvisor.com/Attractions-g294013-Activities-c40-t325-Abu_Dhabi_Emirate_of_Abu_Dhabi.html,https://tripadvisor.mediaroom.com/US-contact-us,apacpr@tripadvisor.com; emeapressoffice@tripadvisor.com; help@tripadvisor.com; northamericapr@tripadvisor.com,+1 781 800 5000; 1-800-991-0805,"Edit

Hello,

We are a website development company based in the UAE, and we would be pleased to help your salon establish or strengthen its online presence.

We provide website development, responsive mobile-friendly websites, SEO and digital marketing, online stores, logo design, business email setup, POS solutions, accounting and e-invoicing software, as well as website maintenance and support.

If you are interested, we would be happy to discuss your requirements and provide suitable recommendations based on your business needs.

You can contact us at:
info@websiedevelopment.ae
+971528200910
https://websiedevelopment.ae

We look forward to hearing from you.",False,False,False,https://wa.me/17818005000?text=Edit%0A%0AHello%2C%0A%0AWe+are+a+website+development+company+based+in+the+UAE%2C+and+we+would+be+pleased+to+help+your+salon+establish+or+strengthen+its+online+presence.%0A%0AWe+provide+website+development%2C+responsive+mobile-friendly+websites%2C+SEO+and+digital+marketing%2C+online+stores%2C+logo+design%2C+business+email+setup%2C+POS+solutions%2C+accounting+and+e-invoicing+software%2C+as+well+as+website+maintenance+and+support.%0A%0AIf+you+are+interested%2C+we+would+be+happy+to+discuss+your+requirements+and+provide+suitable+recommendations+based+on+your+business+needs.%0A%0AYou+can+contact+us+at%3A%0Ainfo%40websiedevelopment.ae%0A%2B971528200910%0Ahttps%3A%2F%2Fwebsiedevelopment.ae%0A%0AWe+look+forward+to+hearing+from+you.,draft_ready
,https://www.instagram.com/glamouruae/?hl=ar,,,,,False,False,False,,draft_ready
